0,1,2,3,4,5,correct,choiceA_probs,choiceB_probs,choiceC_probs,choiceD_probs
How many human polyomaviruses are known at present?,100,1,10,unknown,A,False,0.1346033811569214,0.17283417284488678,0.22192345559597015,0.46981194615364075
AIDS activism in the U.S. resulted in:,Food and Drug Administration reforms,Easier access to investigational drugs,Changes in the way medicine was practiced in the U.S.,All of the above,D,True,0.2502504885196686,0.0232769213616848,0.19489529728889465,0.5297803282737732
"Globally, the most deaths are caused by:",Respiratory infections,Diarrheal diseases,Malaria,Tuberculosis,B,False,0.05607195198535919,0.018203897401690483,0.6028302907943726,0.3226718306541443
What happens during the 'incubation period'?,The virus is cleared from the body by the immune system,Virus replication happens at an intracellular level,This period commonly lasts for a few days,This period commonly lasts for a few hours,B,False,0.11560619622468948,0.14844128489494324,0.2773248553276062,0.4572313725948334
Newborn infants in countries with limited access to safe water and low levels of education should be:,Exclusively formula fed for six months,Exclusively breast fed for six months,Should receive both breast milk and other foods as tolerated in the first 6,months,B,False,0.040282052010297775,0.09663162380456924,0.6301172971725464,0.23180723190307617
Achieving effective change in a community is usually dependent on which of the following segments of society?,Innovators,Early adapters,Middle adapters,Late adapters,A,False,0.04280220344662666,0.0906122624874115,0.4601670503616333,0.4060960114002228
“Contingency management” is”:,A strategy of last resort for reducing high-risk behaviors,Paying drug users for negative urine specimens,Paying sex workers to use condoms,Paying drug users to use condoms,B,False,0.020500924438238144,0.026323707774281502,0.8717214465141296,0.08108272403478622
Typical clinical symptoms following infection with astroviruses include which of the following?,Acute pneumonia,Gastroenteritis in children,Hepatitis,rashes,B,False,0.05029917508363724,0.05029917508363724,0.4211498498916626,0.47722530364990234
Which of the following is the most special characteristic of the adaptive immune system?,Antibodies,T cells,Memory T cells,Clonal expansion of pre-existing antibodies and/or T cells,D,True,0.0714147537946701,0.11774303019046783,0.2824508547782898,0.5276876091957092
Chemotherapy is now an option for clinical care of patients. Typical drug regimens now include which of the following?,Interferon and ribavirin,Lamivudine and ribavirin,Combinations of adefovir and entecavir and/or tenofovir (DAA),Interferons alone,B,False,0.6067403554916382,0.10543565452098846,0.22320732474327087,0.06394995748996735
"There were no new cases of Ebola virus in the United States from January 1, 1997 through January 1, 1998. Which of the following epidemiologic terms does this statement describe?",Incidence,Lifetime expectancy,Lifetime prevalence,Period prevalence,C,True,0.19277414679527283,0.04301372915506363,0.5937861800193787,0.17012259364128113
How were retroviruses discovered?,In chickens as Rous sarcoma,In humans as HTLV-1,In mice causing leukaemia,In cats causing leukaemia,C,True,0.06643244624137878,0.06643244624137878,0.43319398164749146,0.43319398164749146
Most surveillance systems use which of the following study designs?,Cohort,Serial cross-sectional,Mortality,Syndromic,B,False,0.05865383893251419,0.04567965492606163,0.7145500183105469,0.18066653609275818
Polio can be eradicated by which of the following?,Attention to sewage control and hygiene,Killed polio vaccine,Live polio vaccine,Combination of the killed and live vaccines.,A,False,0.03188364952802658,0.05956650152802467,0.640400230884552,0.2669585347175598
Public health ethics is:,Patient-centered,Population-centered,Subject-centered,Must respect the rights of individuals,B,False,0.13538220524787903,0.034229982644319534,0.2232075333595276,0.6067408919334412
How many people globally are currently infected with hepatitis B?,350 million,2 billion,"100,000",1 million,A,False,0.13337482511997223,0.1511334776878357,0.4655238687992096,0.2491769790649414
"In a study, a group of people are exposed to an environmental toxin but are not treated observed over time on a standard set of measures to ascertain the potential effects of the toxin. This type of study design is called",Clinical trial,Double-blind,Longitudinal,Prospective cohort,D,False,0.11467034369707108,0.047801706939935684,0.7477445602416992,0.0893053486943245
Which disease do polyomaviruses predominantly cause?,Tumours,Brain pathology,No disease at all,Kidney infections,C,False,0.13666123151779175,0.07314947992563248,0.17547649145126343,0.6124731302261353
How are antibody producing cells stimulated?,Interacting with a virus short peptide,Interacting with a T helper cell.,Interacting with a plasma cell,Interacting with a virus infected cell,B,False,0.16513435542583466,0.12860676646232605,0.39613673090934753,0.3085115849971771
The single most important key to the success of the Multicenter AIDS Cohort (MACS) is:,The brilliance of the principal investigator,The commitment of the staff,The commitment of the participants,The quality of the laboratories,C,False,0.35891106724739075,0.1320360153913498,0.35891106724739075,0.14961639046669006
Picornavirus replication as a positive strand RNA virus is particularly typified by which of the following?,Virions carry RNA transcriptase enzyme into the cell,The virion RNA is translated into a single large polyprotein,The virion RNA acting as mRNA,The virus exits by apoptosis of the cell,C,True,0.19121110439300537,0.10234793275594711,0.4586915969848633,0.24551993608474731
Why are members of the astrovirus family only recently recognised as significant enteric viruses for humans?,The genome has been identified by the new method of deep sequencing,A new vector has been discovered,They infect a wide range of domestic animals and so contaminate meat,Knowledge of their replication as positive sense ssRNA viruses is now complete,A,False,0.06713753938674927,0.09768454730510712,0.11069109290838242,0.7217965722084045
Which virus infection was not first identified by clinical observation?,HIV,Rubella teratogenicity,Microcephaly and Zika,Hepatitis C,D,True,0.05085446685552597,0.018708311021327972,0.22791388630867004,0.7020242214202881
The particular quality of the U.S. health care system is its:,"Systematic, democratic approach","Fragmented, uncoordinated approach",The result of rationale decisions by informed legislators,a. and c. above,B,False,0.0008588879136368632,0.0018182656494900584,0.001507395296357572,0.049918074160814285
The three key intervention strategies according to Professor Shoptaw are:,"Behavioral intervention, treatment and structural interventions","Condoms, drug therapy and regulation of commercial sex establishments","Drug replacement therapy, community intervention and needle exchange","HIV testing, drug therapy and condom use",A,True,0.5480924844741821,0.0449901707470417,0.07417625188827515,0.33243489265441895
Measles has been controlled in many countries by which of the following?,By hygiene,By MMR vaccine,By new molecular peptide vaccines,By humanised monoclonal antibodies to F protein,B,False,0.14632438123226166,0.12913081049919128,0.510722279548645,0.21290071308612823
How can the spread of filoviruses be restricted?,New antivirals,New humanised monoclonal antibodies,Hygiene and social distancing,New vaccines,C,False,0.23100240528583527,0.0749954879283905,0.26175999641418457,0.43156927824020386
Most pandemics have arisen from influenza viruses from which of the following animals?,Pigs,Wild birds,Bats,Humans,A,False,0.0325571671128273,0.060824792832136154,0.7409976720809937,0.165338933467865
PreP is an effective strategy for reducing the incidence of HIV in:,Women,Drug users,Pregnant women,a. and b. above,B,False,0.004015540238469839,0.00014626604388467968,0.2644551992416382,0.03158467262983322
The replication of hepatitis B includes which of the following stages?,Movement of intact virus to the cellular cytoplasm for replication,Conversion of relaxed circular viral DNA in to covalently closed circular (CCC) DNA in the nucleus,Virions produced in the cytoplasm by cellular DNA polymerase,Oncogenic activity to transform liver cells.,C,False,0.37193506956100464,0.22559002041816711,0.175689697265625,0.22559002041816711
How does the papilloma family of viruses cause cancer?,"Replicate in dividing cells and encodes three oncogenic proteins E5, E6 and E7",Integrates viral genome into cellular DNA,Has an oncogene able to initiate cancer,Acts as a co factor for a cellular oncogene,B,True,0.18659383058547974,0.3950191140174866,0.34860315918922424,0.06864402443170547
The noroviruses typically cause which of the following?,Diarrhoea,Rash,Projectile vomiting and diarrhoea,Disease of the central nervous system,C,True,0.15953241288661957,0.08539154380559921,0.49139443039894104,0.2630244791507721
Deep nucleotide sequencing (NGS) is now cheap enough for general application. What will the technique mainly be useful for?,Speedy vaccine development,Identifying genetic variation,Giving details on virus excretion in symptomless carriers,Quickly identifying new viruses,D,False,0.049610819667577744,0.0637015551328659,0.4706943929195404,0.4153863191604614
Determinants of acquiring an HIV infection from an infected person per sexual act include:,Viral RNA level,Presence of other infections,Condom use,All of the above,D,False,0.1118674948811531,0.04115375131368637,0.5013552904129028,0.3445761501789093
How is next generation sequencing (NGS) most often used?,To identify a newly discovered virus,To search for drug resistant mutants,To identify quasi species viruses,Cannot be used,D,True,0.05536409839987755,0.02963426522910595,0.3185984194278717,0.595220148563385
Which of the following HPV viruses are known to cause cervical cancer?,Viruses of all 5 clades,"Types 14, 16, 18, 31, 45",None are oncogenic per se,Types 1-180,C,True,0.15055932104587555,0.10347780585289001,0.463755339384079,0.28128182888031006
Which member of the paramyxovirus family can cause very serious croup?,Measles,Meta pneumo virus,Hendra,Respiratory syncytial virus (RSV),B,False,0.04044976830482483,0.02780069224536419,0.63274085521698,0.29888561367988586
Which of the following is the cause of delay in HIV testing among the Latino population?,Stigma attached to the disease,Machismo,Drug abuse,All of the above,D,True,0.17269352078437805,0.04366375878453255,0.25126758217811584,0.5319334864616394
Describe the morphology of a togavirus.,Enveloped spherical particles with an icosahedral structure,Non-enveloped with an icosahedral structure,Filamentous virus with protruding glycoproteins,Small round viruses,A,True,0.3383205235004425,0.05879128724336624,0.3383205235004425,0.26348429918289185
A good surveillance system should provide information about:,Who is being infected,Where the infected individuals are,How rapidly infection is spreading,All of the above,D,True,0.3624838888645172,0.020449941977858543,0.15110576152801514,0.4654385447502136
What has so far prevented polio being eradicated from the world?,Inability to vaccinate in some countries,Poor quality (unsafe) vaccines,Genetic variation,Expense,A,False,0.042823947966098785,0.048525888472795486,0.3164285719394684,0.5911663770675659
The range of disease caused by the family is wide but identify the exception from the following:,Aplastic crisis in anaemia patients,Fifth disease at 'Slapped cheek' syndrome,Foetal infection with teratogenicity,Serious pneumonia,A,False,0.09652677178382874,0.07517512887716293,0.4902034103870392,0.33691155910491943
Which of the following drugs inhibit herpes viruses?,Amantadine,Acyclovir,Oseltamivir,Azidothymidine,D,False,0.24842947721481323,0.1707429140806198,0.4095909595489502,0.1707429140806198
The three countries with the most drug injectors are:,"Bolivia, Argentina, Thailand","China, the U.S. and Russia","Afghanistan, Iraq and Myanmar","Lithuania, Estonia and Latvia",B,False,0.23587989807128906,0.08677535504102707,0.23587989807128906,0.44068166613578796
"Officials at a large community hospital report an increased incidence of acute lymphocytic leukemia (ALL) among children aged 5 – 12. They point out that some households in the community are exposed to chemical waste from a nearby factory. They believe that chemical waste causes leukemia. If a study is designed to evaluate the hospital officials’ claim, which of the following subjects are most likely to comprise the control group?",Children exposed to the chemical waste who do not suffer from ALL,Children not exposed to the chemical waste who do not suffer from ALL,Children from the hospital’s outpatient clinic who do not suffer from ALL,Children not exposed to the chemical waste who suffer from ALL,B,False,0.07133222371339798,0.1332661360502243,0.6767813563346863,0.11760695278644562
Lassa and Ebola are emergent viruses in W. Africa. What is their origin?,Humans,Primates,Fruit bats,Pigs,B,False,0.06229404732584953,0.07058840990066528,0.40620821714401245,0.4602942168712616
Antivirals can be used prophylactically or therapeutically in persons in which of the following circumstances?,If administered within 4 days of clinical signs,If used within 48 hours of first clinical signs,Used for the obese,Used in children under the age of 2 years where high virus spread is noted,C,True,0.08646420389413834,0.3875057101249695,0.4391014873981476,0.08646420389413834
Papillomaviruses cause warts and cancer but how do they most often infect humans?,Are water borne,Are airborne,Via scratches and breaks in the skin,Are nosocomial and spread in hospitals,C,False,0.2776995897293091,0.19085995852947235,0.21627268195152283,0.31467488408088684
There are 57 serotypes of adenovirus currently recognised. Which has the most important clinical impact?,Diarrhoea,Eye infections,Respiratory tract infections,Haemorrhagic cystitis,C,True,0.1408199667930603,0.01905791088938713,0.7151427865028381,0.12427317351102829
How are new polyomaviruses detailed,Shot gun sequencing,Cultivation in human neural cells,Deep pyro sequencing (NGS),Monoclonal antibody techniques,A,False,0.11335133016109467,0.1649252325296402,0.5756455659866333,0.14554600417613983
Describe the YF vaccine.,Killed virus vaccine,Live attenuated virus vaccine developed by Pasteurian passage,Live attenuated vaccine produced by direct mutation of the virus genome,Experimental vaccine only,B,False,0.07568716257810593,0.08576478809118271,0.8137137293815613,0.02457202598452568
What is the biggest risk factor for infection with Ebola?,Working in a category IV laboratory,Attending a funeral of a victim outside,Nursing a patient at home,Attending football matches or large gatherings,A,False,0.1277293860912323,0.1277293860912323,0.5051795244216919,0.23862993717193604
"The influenza virus is mainly controlled in special ""risk"" sectors by:",Hygiene,Vaccination,Antiviral drugs,Humanised monoclonal antibodies,B,False,0.1052611917257309,0.13515806198120117,0.6057363748550415,0.1531541347503662
"A case-control study is conducted to assess the association between alcohol consumption and lung cancer patients with lung cancer and 100 controls are asked about their past alcohol consumption. According to the study results, alcohol consumption is strongly associated with lung cancer (OR = 2.5). The researchers then divide the study subjects into two groups: smokers and non-smokers. Subsequent statistical analysis does not reveal any association between alcohol consumption and lung cancer within either group. The scenario described is an example of which of the following?",Observer bias,Confounding,Placebo effect,Nonresponse bias,B,False,0.09836148470640182,0.09836148470640182,0.499520868062973,0.30297473073005676
How are arenaviruses spread?,Sexual contact,Blood,Aerosols of urine from infected small mammals,Mosquito bites,A,False,0.06644660234451294,0.05863892287015915,0.15939712524414062,0.7143683433532715
Which areas of the world are rabies free?,USA,Norway,EU,"Island nations, UK, NZ and Australia",D,False,0.02826553024351597,0.005565812345594168,0.728977620601654,0.23666438460350037
The risk of perinatal transmission of HIV-1 infection during breast feeding is increased due to:,Mixed feeding,Very early introduction of solids,Both a and b,None of them,C,True,0.04688926786184311,0.00923304446041584,0.8311321139335632,0.1124814972281456
How is the parvovirus family targeted to reduce disease?,Transfusion blood is screened,Vaccine has been developed,A range of new antivirals,Social distancing,A,False,0.15821847319602966,0.12322066724300385,0.23020653426647186,0.48734721541404724
Who discovered the first virus?,The microscopist Antonie van Leeuwenhoek,The bacteriologist Charles Chamberland,The botanist Dmitri Iwanowsky,The virologist Jonas Salk,C,True,0.064765565097332,0.10678036510944366,0.7890061140060425,0.03928229957818985
Structural interventions typically target:,Policies,The environment,Availability,All of the above,D,False,0.25799277424812317,0.05756596475839615,0.4253581464290619,0.25799277424812317
What is the main clinical picture of hepatitis A?,Rash,Limb paralysis,Jaundice and abdominal discomfort,Upper respiratory tract infection,C,True,0.05774172395467758,0.027275260537862778,0.6207820773124695,0.29323670268058777
If the human norovirus cannot be cultured in cell cultures how can it best be studied?,Animal models,Volunteer studies,In cells using replicon systems,Deductions from the 3 human ORF's of the virus genome,B,False,0.05613299086689949,0.043716419488191605,0.5325750112533569,0.3660331070423126
"Any systematic error in the design, conduct, or analysis of a study that results in a mistaken estimate of an exposure’s effect on the risk of disease is called:",Confounding,Bias,Interaction,Stratification,C,True,0.16680732369422913,0.06136498227715492,0.5822147727012634,0.18901745975017548
Describe the coronavirus structure.,Club shaped glycoprotein spikes protrude through a lipid bilayer,An icosahedral structure with an envelope,An icosahedral large pleomorphic virus,Large regimented barrel shaped virus,C,False,0.28697431087493896,0.11962869018316269,0.1740587055683136,0.4175451397895813
SARS is described as a zoonotic virus - what does this mean?,Such viruses are confined to animals,They do not cause disease in humans,They emerge from animals to cross the species barrier infrequently,They cause pandemics,A,False,0.07618781924247742,0.04621025174856186,0.43843066692352295,0.43843066692352295
Which of the following coronaviruses has caused thousands of deaths around the world as an 'emergent' virus?,MERS,SARS,OC43,HKU1,A,False,0.09513719379901886,0.04493962973356247,0.3762749135494232,0.4831465482711792
Clinical infection by an arenavirus is characterised by which one of the following?,Pantropic infection,Signs of malaria,Short (2-3 days) incubation,Hepatitis,A,False,0.09982661157846451,0.053433336317539215,0.5744625329971313,0.27135688066482544
How does rubella cause foetal abnormalities?,By crossing the placenta early in pregnancy and infecting the foetus,By only infecting the placenta,By inducing cytokines and chemokines in the mother,By raising the temperature of the mother and inducing an abnormal immune reaction to the foetus,A,True,0.510309100151062,0.10048580914735794,0.07825843244791031,0.30951809883117676
Which of the following is an unusual feature of the replication cycle in coronaviruses?,The RNAs all terminate in a common 3´ and produce nested set transcripts,They take advantage of recombination with the long RNA genome,They are not highly mutable,They use capped cellular mRNA's,B,False,0.19264182448387146,0.15002961456775665,0.40782275795936584,0.24735699594020844
Which replication strategy is paralleled by some other viruses?,Cytoplasmic replication and 'snatched caps' are used as primers for RNA transcription,Replicates in cytoplasmic tubules,Extracellular replication,Replicates in the nucleus,C,True,0.0558309331536293,0.0492706261575222,0.5297091603279114,0.36406344175338745
The characteristic of a generalized epidemic is:,High rates in drug users,High rates in MSM,High rates in pregnant women,High rate in STD clinic attendees,C,False,0.15514713525772095,0.09410148859024048,0.32844647765159607,0.4217336177825928
An updated version of classification shows the parvovirus family as having how many genera?,Having 5 genera,A very large number of virus types,Only a single virus,Only three viruses,B,False,0.1997777819633484,0.1997777819633484,0.4229295551776886,0.17630326747894287
The largest Latino community in the U.S. is:,Puerto Rican,Mexican,Cuban,Brazilian,B,False,0.05943738669157028,0.021865790709853172,0.8205077648162842,0.09799568355083466
How can epidemics of astrovirus mainly be controlled?,By vaccination,Using passive antibody,Basic knowledge of hand washing and food hygiene,Quarantine,C,False,0.13850237429141998,0.0840059220790863,0.2932095229625702,0.4834207594394684
"500 women aged 40 – 54 who present for routine check-ups are asked about their meat consumption the women turn out to be vegetarian. During the ensuing 5 years, 5 vegetarians and 43 non-vegetarians develop colorectal cancer. Which of the following best describes the study design?",Case series report,Cohort study,Case-control study,Cross-sectional study,A,False,0.14103387296199799,0.14103387296199799,0.6320699453353882,0.08554136753082275
In the absence of treatment the risk of HIV transmission from an infected mother to her fetus/infant was highest in which of the following areas?,Africa,North America,Europe,Japan,A,False,0.07253643870353699,0.02668466418981552,0.7798402309417725,0.11959237605333328
Poliovirus can most easily become more virulent by which of the following processes?,Mutation of the RNA genome at only a few positions,Recombining with another enterovirus,Altering its protein coat,Multiple nucleotide deletions and substitutions,A,False,0.08239152282476425,0.15392763912677765,0.5372602343559265,0.22396337985992432
A virus such as influenza which emerges suddenly and spreads globally is called:,Epidemic,Endemic,Pandemic,Zoonotic,B,False,0.033399321138858795,0.01392290834337473,0.7601650357246399,0.19219981133937836
"Of the following factors, which are the most important factors for virus spread and infection?",Age,Sex,Genetic factors,Travel,D,True,0.012183664366602898,0.012183664366602898,0.45718860626220703,0.5180625915527344
How do viruses of the calcivirus family replicate?,As negative strand RNA viruses,As positive strand RNA viruses,Retroviruses,Using genetic reassortment,B,False,0.03859064355492592,0.03405612334609032,0.6036592125892639,0.3231155276298523
The parvoviruses have a rather unique genome; what form does it take?,Circular ds DNA,Small linear ss DNA,ds DNA genome,RNA genome with RT,D,False,0.05379078909754753,0.036969829350709915,0.7425589561462402,0.16568729281425476
How can the morphology of filoviruses be described?,Very large ball like structure,Long filamentous threads,Icosahedral virion,Floppy membranes without defined morphology,C,True,0.06598453968763351,0.045350465923547745,0.5524817705154419,0.33509713411331177
What is the usual direction of 'knowledge' in a cell?,From protein to DNA,From DNA to DNA,From DNA to RNA to protein,Random,C,True,0.048481881618499756,0.04278511554002762,0.7583842277526855,0.14933469891548157
Why are drug combinations essential for HIV?,Single drugs are not completely inhibitory,Mutations negate the effect of one drug,Combinations of antibiotics are effective versus TB,The virus cannot mutate vs a combination,C,True,0.07460884749889374,0.058105431497097015,0.4865108132362366,0.37889498472213745
"Many virus infections result in immune pathology, this is caused predominantly by which of the following?",A cytokine storm,Antibody mediated reactions,A response of killer T cells (CD-8),A decline in function of the immune system,A,False,0.09205760806798935,0.11820431798696518,0.46750715374946594,0.32131266593933105
David Baltimore is a molecular biologist. What did he discover?,The structure of DNA,X-ray crystallographic techniques,The enzyme reverse transcriptase,The anti HIV drug zidovudine,C,True,0.13799159228801727,0.12177715450525284,0.48163798451423645,0.25780224800109863
Identify the most commonly used diagnostic technique in the virus laboratory:,Virus isolation in cell culture,Deep sequencing (NGS),Reverse transcriptase (RT) PCR,Immuno-serology,B,False,0.415801465511322,0.19641070067882538,0.32382649183273315,0.06376522034406662
The major risk group for HIV infection among Latinos is:,Heterosexual males,Homosexual males,Females,Injection drug users,B,False,0.07027673721313477,0.025853365659713745,0.31495848298072815,0.5884198546409607
"In HIV-associated tuberculosis cases, treatment with antiretrovirals should begin:",Before antiretroviral drugs are started,After antiretroviral drugs are started,Concurrently with antiretroviral drugs,Doesn’t make any difference,C,True,0.1965044140815735,0.1965044140815735,0.4713895916938782,0.13505539298057556
A “benefit” of research may accrue:,To the participant,To his/her family,To society,All of the above,D,True,0.07358966022729874,0.018606379628181458,0.29105275869369507,0.616158664226532
What is the current best option for preventing future outbreaks of Ebola?,"Rebuild scientific, medical and nursing infrastructure and train staff",Early and accurate diagnosis with molecular kits,Develop effective vaccines,Arrange rapid intervention into West Africa with EU and USA army teams,D,True,0.24230384826660156,0.12969590723514557,0.2745662331581116,0.3525499999523163
Where are arenaviruses predominately located in the world?,SE Asia,Russia,Africa and S. America,N. America,A,False,0.0686180517077446,0.028604261577129364,0.737713634967804,0.16460616886615753
The most important element of ethical research on human subjects is:,Beneficence,Justice,A methodologically sound study design,Informed consent,D,False,0.4815499186515808,0.030784454196691513,0.3309640884399414,0.15633636713027954
The characteristic of injecting drug users in Asia is/are:,Strong family support,Low failure rate for rehabilitation centers,Remaining a member of the community,Both a and c,D,True,0.011802197434008121,0.019458534196019173,0.23705348372459412,0.7301761507987976
"Viruses have encouraged us to change our world, as we have now:",Eradicated smallpox,Eradicated polio,Increased hygiene,A better understanding of how cellular genes aid virus replication and so become a target for new drugs,A,False,0.041889313608407974,0.06906379759311676,0.30952247977256775,0.5782641172409058
What is the most important factor for virus classification?,The geometry of the virus,How many proteins the virus has,The disease a virus causes,Chemistry of the DNA and RNA,D,False,0.09869080036878586,0.046618230640888214,0.6435447931289673,0.2089284062385559
The major issue for HIV infection among the Latino population is:,Late detection of HIV status,Cultural beliefs,Immigration,All of the above,D,False,0.12554806470870972,0.07614874839782715,0.4965521991252899,0.301174134016037
Disease can most often be prevented by which of the following:,Vaccines,Antivirals,Hygiene,mosquito nets,A,False,0.06890524923801422,0.06080866977572441,0.740801215171814,0.12873193621635437
Results of surveillance should be distributed to:,Decision makers,The public,The data collectors,All of the above,D,True,0.07135307043790817,0.009656588546931744,0.15105445683002472,0.7671178579330444
Which is a major characteristic of the bunyavirus family?,"Amplify by persistent infection of midgets, mosquitoes, sand flies, ticks",Predominantly mosquito borne,Genetic recombination or reassortment,Spread to humans via bites of mice and rats,A,False,0.22622717916965485,0.09430550783872604,0.47892293334007263,0.1996447741985321
The group that permits analysis of the entire natural history of HIV/AIDS is:,Persistent seronegatives,Long-term survivors,Seroconverters,Long-term survivors with low levels of CD4+ cells,C,True,0.016151882708072662,0.04390536621212959,0.6867954730987549,0.2526579797267914
The chance of acquiring HIV infection from factor VIII in the United States in 2011 is 0% primarily because:,All donors for factor VIII are screened,Factor VIII is subject to detergent “washing” prior to release,Factor VIII is made synthetically,Factor VIII is important from countries with no reported HIV,C,True,0.11518141627311707,0.13051766157150269,0.5849395394325256,0.1675879955291748
The prevalence of HIV among Latino-Americans compared to other ethic groups in the U.S. is:,Highest,Higher than all other ethnic groups except African-Americans,Higher than in all other ethnic groups except African-Americans and,Native Americans,B,False,0.05710696056485176,0.0392489992082119,0.47815069556236267,0.4219665229320526
What is the rubella syndrome?,A description of the 3 day rash of German measles,"The teratogenic lesions of cataracts, deafness, mental retardation and microcephaly in the foetus",Combination of rash and post infection encephalitis,Side effects of the MMR vaccine,B,False,0.05693945661187172,0.0237358957529068,0.6936646103858948,0.22519992291927338
What is the most common way for a virus to kill a cell?,Dissolves the cellular membrane,Induces apoptosis via caspases,Fragments cellular DNA,Totally blocks cellular transcription,B,False,0.4084322154521942,0.09113354980945587,0.2186180204153061,0.2807110846042633
The influenza virus has complicated genetics mainly characterised by which of the following?,Genetic reassortment amongst 8 genes,High levels of recombination,Rapid adsorption and fusion from without via a hydrophobic peptide,High fidelity RNA replicase enzyme,B,False,0.09570079296827316,0.09570079296827316,0.3785039484500885,0.42890119552612305
The highest risk of HIV infection among drug users in the U.S. is in:,The east coast,"The central United States (Kansas, Missouri etc.)",Southern California,"The Pacific Northwest (Washington, Oregon, Idaho)",A,False,0.16100755333900452,0.16100755333900452,0.6367971897125244,0.040709082037210464
"A study is conducted to assess the relationship between race and end-stage renal disease pathologists independently study specimens from 1,000 kidney biopsies. The first group of pathologists is aware of the race of the patient from whom the biopsy came, while the second group is blinded as to the patient’s race. The first group reports ‘hypertensive nephropathy’ much more frequently for black patients than the second group. Which of the following types of bias is most likely present in this study?",Confounding,Nonresponse bias,Recall bias,Referral bias,A,False,0.2534595727920532,0.15373098850250244,0.3687814772129059,0.22367727756500244
What is urban yellow fever (YF)?,Part of a cycle of mosquitoes biting humans in cities,Part of a cycle of mosquitoes biting humans and monkeys in forested areas,A mutant of the YF virus,A YF species that has adapted to new mosquitoes,A,False,0.08776377886533737,0.07745125889778137,0.7348371148109436,0.09944938868284225
The current testing policy of the Centers for Disease Control and the World Health Organization is:,“Opt-in”,“Opt-out”,Mandatory testing of prisoners,Mandatory testing of high-risk groups,B,False,0.10717644542455673,0.22689253091812134,0.291335791349411,0.3740825355052948
Common cold viruses are ubiquitous and invade by which route?,Faecal oral route,Respiratory and surface route,Cuts in the skin,Sexual transmission,B,False,0.10301714390516281,0.11673371493816376,0.31731516122817993,0.4616908133029938
Assembly is a vital late replication stage for a virus and is often accomplished by which of the following?,Use of cellular scaffolding in the nucleus and cytoplasm,Snatching cellular lipids and membranes,Master plan embedded in the viral genome,Random interactions between cellular and virus proteins,A,False,0.0837375596165657,0.09488709270954132,0.618741512298584,0.20087595283985138
The biggest single determinant of HIV transmission to the infant is:,Mother’age,Mother’s viral load,Mother’s immune status,Father’s viral load,B,False,0.170802041888237,0.15073227882385254,0.5261073708534241,0.15073227882385254
What does the reproductive number of a virus tell us?,How virulent the infection will be,How many people will die,How many contacts will be infected from one case,How long the 'incubation period' will be,C,False,0.06985221058130264,0.11516682058572769,0.3547387719154358,0.45549359917640686
PreP is most effective for which group:,Men with frequent unprotected sex,Men with infrequent unprotected sex,Women with frequent unprotected sex,Women with infrequent unprotected sex,A,False,0.20256459712982178,0.20256459712982178,0.48592719435691833,0.10842502117156982
A special feature of adaptive immunity is:,Speed of response to a foreign protein,Ability to distinguish self and non self,Ability to distinguish viruses and bacteria,Short memory,B,False,0.10243090242147446,0.19136612117290497,0.6679334044456482,0.037682224065065384
As regards the range of diseases caused by viruses:,Each member of the 'family' causes the same disease.,Members of many families can cause the same sort of disease.,Most virus disease are now controlled by vaccines.,Most viruses can cross placenta and be teratogenic.,B,False,0.11323286592960358,0.12830965220928192,0.307798832654953,0.44784465432167053
Which is the exception in the following range of disease symptoms caused by bunyaviruses?,Pneumonias,Haemorrhagic fever,Hepatitis,Impaired renal function,D,False,0.09693606942892075,0.045789361000061035,0.5578286051750183,0.29858413338661194
There is no vaccine against HIV because of which of the following?,The virus is so antigenically variable,Such a vaccine would be too expensive,The virus can be controlled by a change in sexual habits,Latency can abrogate any vaccine effect,B,False,0.057892728596925735,0.057892728596925735,0.33314967155456543,0.5492709279060364
The requirements for an effective surveillance system include:,A diagnostic algorithm,Staff members,A sampling frame,All of the above,D,True,0.14283859729766846,0.015055077150464058,0.34265196323394775,0.49855566024780273
MERS has four special characteristics and here we have one exception - which is it?,Spread by faecal oral route,Aerosol droplet transmission,Reservoir in bats,A conduit to humans via camels,C,False,0.2071790099143982,0.18283483386039734,0.26602309942245483,0.34158042073249817
The major beneficiary of Medicaid in the U.S. is:,Single men,The elderly,Women and children,Undocumented residents,C,True,0.03324592113494873,0.020164672285318375,0.6677622199058533,0.2783646881580353
Which of the following is the most important for controlling disease caused by norovirus?,A norovirus vaccine,Attention to handwashing and hygiene,Quarantine,New antiviral drugs,B,False,0.10904080420732498,0.14001116156578064,0.4886869788169861,0.261575311422348
Why do vigorous CD8 cell responses in chronically infected HIV-positive individuals fail to eliminate the virus?,CTL exhaustion,Epitope escape,Suboptimal CTL,Absence of dendritic cells,B,False,0.06313828378915787,0.06313828378915787,0.6788005828857422,0.19447962939739227
The most widespread and important retrovirus is HIV-1; which of the following is true?,Infecting only gay people,Infecting only males,Infecting every country in the world,Infecting only females,A,False,0.07323480397462845,0.05703531950712204,0.25561457872390747,0.6131874918937683
The first acquired immune cell to respond defensively to HIV infection is:,CD4+,CD8+,CD57,NK cells,B,False,0.06995722651481628,0.06995722651481628,0.4025760293006897,0.4561783969402313
Which of the following is a special feature of the rabies vaccine?,The vaccine has not changed since the time of L. Pasteur,The original air dried spinal cord of infected rabbits was a killed vaccine,The vaccine still needs 16 doses given into the peritoneal cavity,The modern rabies vaccine is grown in human diploid cells from an aborted embryo,B,False,0.0626959353685379,0.09122203290462494,0.5249466300010681,0.3183962106704712
Most viral vaccines are produced by which of the following techniques?,Traditional cell culture,Molecular biology,Animal tissues in vitro,VLPs (virus like particles),B,False,0.10017653554677963,0.24031101167201996,0.34965044260025024,0.3085654377937317
The treatment of hepatitis C has been revolutionised most recently by which of the following?,The use of interferon,A new vaccine,Monoclonal antibodies,Direct-acting Antivirals such as daclatasvir and sofosbuvir,A,False,0.17557202279567719,0.12066875398159027,0.477254182100296,0.2254389226436615
Chikungunya has spread widely from Asia and Africa into the Caribbean in recent years. This has been mainly facilitated by:,Mutation in the virus allowing replication in the mosquito Aedes albopictus,Air Travel,Climate change,Poor mosquito control and the absence of DTT,A,False,0.06226503103971481,0.1692539006471634,0.521338701248169,0.24626298248767853
The successful anti-cancer HPV vaccine consists of:,Live virus attenuated by specific mutagenesis,Whole virus chemically inactivated vaccine,Self-assemble of virus L1 protein into VLP,Sub unit chemically inactivated vaccine,A,False,0.07871106266975403,0.11452393233776093,0.45295095443725586,0.3527585566043854
The rotavirus is an important cause of which of the following?,Respiratory infection in adults,Gastroenteritis in children,Diarrhoea and vomiting in adults,Cancer,B,False,0.19190162420272827,0.13189193606376648,0.35851943492889404,0.31639227271080017
The surveillance testing strategy associated with the least selection bias is:,Compulsory,Unlinked anonymous,Voluntary anonymous,Voluntary confidential,A,False,0.027304358780384064,0.12236963957548141,0.6214443445205688,0.2286166250705719
"In a medical class of 147 students, the distribution of scores on a biochemistry final examination has a mean equal to 67, a median equal to 76, a mode equal to 80, a standard deviation equal to 5.5, and a variance equal to 30.25. Three students were unable to take the test on the scheduled date and were given a different form of the exam 1 week later. Which parameter is most likely to be the least biased estimator of central tendency for this distribution of biochemistry test scores?",Mean,Median,Mode,Standard deviation,A,False,0.14711572229862213,0.07874536514282227,0.6593269109725952,0.11457382142543793
What disease do herpes viruses not cause?,Infantile paralysis,Encephalitis,Sexually transmitted disease,Cancer,A,False,0.024926530197262764,0.017131738364696503,0.3899165391921997,0.567325234413147
The purpose of a double-blind or double-masked study is to:,Achieve comparability of treated and untreated subjects,Reduce the effects of sampling variation,Avoid observer and subject bias,Avoid observer bias and sampling variation,B,False,0.08554317057132721,0.14103685319423676,0.6320832967758179,0.14103685319423676
Nipah is a zoonotic paramyxovirus; where did it originate?,Originating in pigs,Originating in bats,Coming from humans,Coming from horses,C,True,0.1557048261165619,0.1374090313911438,0.4796046018600464,0.2265491932630539
What is the genome structure of the polyomavirus family?,Circular ds DNA with T antigen coding regions,Circular ssDNA,RNA genome with RT,Segmented RNA genome,C,True,0.0941128134727478,0.03462217003107071,0.5415818691253662,0.32848602533340454
Interferons are very special defence mechanisms which operate by:,Binding to viruses,Binding to neighbouring cells,Producing a long lasting state of resistance,Inhibiting virus induced enzymes,B,False,0.23526470363140106,0.16169492900371552,0.4395323097705841,0.16169492900371552
Genetic characteristics of the bunyavirus family include which one of the following?,Three segmented negative stranded RNA viruses with anti-sense expression,Highly mutable RNA viruses,Emerging viruses via arthropod vector,Use an RT enzyme,A,False,0.17544637620449066,0.05695909634232521,0.6939038634300232,0.07313692569732666
"The basic code of ethical research (respect for persons, beneficence, and justice) was first established by the:",Nuremberg Code,Declaration of Helsinki,CIOMS,Belmont Report,D,True,0.13198703527450562,0.19203998148441315,0.316620409488678,0.3587779104709625
The paramyxovirus family employ what strategy at virus entry?,Initiate a fusion 'from without' using virus F protein,Has fusion from within a cytoplasmic vacuole at low pH,Viruses can puncture plasma membranes at entry,A fusion mediated by M protein,D,False,0.26016807556152344,0.06578078120946884,0.37854230403900146,0.2948090434074402
The risk of acquiring HIV from a unit of blood in the United States is now:,"1/10,000 units","1/200,000 units","1/500,000 unit",1 per 2 million units,D,False,0.20236699283123016,0.22931185364723206,0.42841091752052307,0.13908466696739197
What is the essential pathology of astroviruses?,Very restricted replication in the gut,Can cause infection of the central nervous system,Sequence diversity allows widespread replication,Can cause infection in the upper respiratory tract,A,False,0.18377472460269928,0.20824404060840607,0.3029932975769043,0.3029932975769043
Which of the following are goals of vaccination?,Prevent infection,Prevent disease,Prevent transmission,All of the above,D,False,0.2367655634880066,0.0320427380502224,0.5679711103439331,0.16272644698619843
Randomization of study subjects in a clinical trial is most helpful for controlling for which of the following?,Placebo effect,Recall bias,Non-compliance,Effect modification (interaction),A,False,0.06840097904205322,0.07750847190618515,0.5054187178611755,0.34736886620521545
A quasi species virus such as influenza and HIV has which of the following characteristics?,A fragmented or segmented genome,Co-existence of innumerable genetic variants,Possesses RNA and DNA,A very large genome,B,False,0.026163233444094658,0.0380672812461853,0.525502622127533,0.4092618525028229
Positive stranded RNA viruses have which of the following characteristics?,Their genome RNA can be translated directly as mRNA,They have to transcribe their genome RNA to a mirror image copy as a mRNA,This genome is circular,Their RNA genome is segmented,A,False,0.05793208256363869,0.024149684235453606,0.6228286027908325,0.29420340061187744
What is the genetic structure of rotavirus?,Circular DNA containing virus,RNA virus with RT,ds RNA virus,ds RNA virus in segments,B,False,0.018779028207063675,0.030961384996771812,0.9048243165016174,0.0450485497713089
Are/were viruses:,The most abundant form of life on earth?,Discovered before bacteria?,Grown in animals in the laboratory?,The cause of all human disease?,A,False,0.09384701400995255,0.09384701400995255,0.19867411255836487,0.6119593381881714
It is unlikely that a 'cure' of HIV is possible with current drugs because:,Even in combination current drugs do not completely block viral replication,They do not penetrate to cells,They cannot block viral transcription from integrated viral DNA,They cannot penetrate to the CNS,B,False,0.03844861686229706,0.0633910521864891,0.36479032039642334,0.5307667851448059
Which viruses appear to be hypermutable?,DNA viruses,'Emerging' viruses,Influenza and HIV,RNA viruses,D,True,0.05862322077155113,0.01679583452641964,0.43317025899887085,0.4908462166786194
How are herpes infections controlled?,Chemotherapy,Vaccines,Hygiene and social distancing,No method,A,False,0.06408015638589859,0.030269324779510498,0.5365365743637085,0.36875584721565247
"A new drug with in vitro activity against HIV is tested on a population of patients with Western-blot confirmed HIV infections. Out of the 200 individuals in the patient population, 100 are chosen by lottery to receive the drug. The drug, which is tasteless, is administered in a cup of orange juice; the other patients receive pure orange juice. Neither the nurses, doctors, nor the patients know which patients receive the drug. At the end of the study period, the number of CD4+ T cells is determined for all of the subjects. This is an example of a",Case-control study,Case report,Cohort study,Cross-sectional study,A,True,0.5056555271148682,0.05329570174217224,0.3938049376010895,0.047033291310071945
What is the most successful and most widely used 'travel' vaccine for international visitors?,Influenza,MMR,Yellow Fever,Rabies,B,False,0.08534229546785355,0.04031284525990486,0.7145622372627258,0.15944039821624756
What is a virus pandemic?,A sharp and rapid epidemic involving more than one country,An outbreak which recurs again and again,A rapid global outbreak starting from a single focus,A characteristic of common cold virus and HIV,C,True,0.10792631655931473,0.06546061486005783,0.7037679553031921,0.1222965270280838
Benefits of opioid replacement therapy as an approach for HIV prevention include:,Reducing craving for and use of illicit opioids,More sharing of injecting paraphernalia,Reducing frequency of injection drug use,Both a and c,D,True,0.002715075621381402,0.0012825108133256435,0.029189813882112503,0.9666338562965393
Papilloma viruses are characterised by what genetic feature?,A genome of ds circular DNA encoding around 8 ORF,A virus with RT able to integrate and cause cancer,A variable ds RNA virus,A large DNA containing virus,A,False,0.11168181896209717,0.052754756063222885,0.5671671032905579,0.26791077852249146
"As part of the Women’s Health Study, researchers investigated the role of systemic inflammation in predicting cardiovascular disease in women (N Engl J Med. 2002;347[20]:1557-1565). Researchers used a prospective study design with a large sample size. Blood levels of C-reactive protein (CRP) were measured at baseline and women were followed for an average of 8 years. The following table shows the relative risk estimates of cardiovascular event (heart attack or stroke) within 5 years by quintile of CRP level for the 30,000 women. The first quintile is used as the reference category.  1 0.49 mg/dL Relative Risk Number of women  1.0 6000  2 >0.49-1.08 mg/dL 1.8 6000  Quintile of CRP Level 3 >1.08-2.09 mg/dL 2.3 6000  4 >2.09-4.19 mg/dL 3.2 6000  5 >4.19 mg/dL 4.5 6000  Based on the relative risk data above, one can conclude:",There is no risk of heart attack/stroke for women with CRP levels in the first quintile.,Decreasing CRP level appears to increase the risk of heart attack/stroke.,Increasing CRP level appears to increase the risk of heart attack/stroke.,There appears to be no association between CRP levels and heart attack/stroke.,A,False,0.22004440426826477,0.22004440426826477,0.36279186606407166,0.19418850541114807
What is the morphology of the Dane particle?,Double shelled icosahedron,Lipid membrane free icosahedron,Flexuous and filamentous morphology,Numerous small particles,C,True,0.22429223358631134,0.0825125053524971,0.5380491018295288,0.15415365993976593
The adenovirus virion has which unique structural feature?,Icosahedron,Icosahedron with slender fibres,'Complex' structure not yet fully explored,Flexuous lipid containing structure,B,False,0.17150604724884033,0.04913730546832085,0.2495398372411728,0.5282758474349976
"A city has a population of 250,000 cases and 400 deaths each year from this disease. There are 2,500 deaths per year from all causes. The prevalence of this disease is given by","400/250,000","600/250,000","1,000/250,000","2,500/250,000",D,False,0.27761220932006836,0.14859510958194733,0.45770516991615295,0.11572598665952682
Which unique form does the rabies virus take?,The virion has a dumbbell appearance,It is shaped like a bullet from a gun,The virus is star shaped,The virion is very pleomorphic,D,False,0.3360421657562256,0.051533736288547516,0.38078567385673523,0.23095819354057312
Which of the following diseases is not caused by togaviruses?,Chikungunya,Rubella (German measles),Western Equine encephalitis,Yellow Fever,D,False,0.055181317031383514,0.03346916288137436,0.5932551026344299,0.3175465762615204
Why are the viruses of this family called astroviruses?,Because of the nucleotide sequence of their genomes,The superficial appearance of a 'star' on negative straining electron microscopy,"Because of isolation in very large numbers of mammals including dromedaries, cats and cattle",Because they are more common in developing countries with poor hygiene,B,False,0.09929491579532623,0.08762744814157486,0.1637096405029297,0.6474841833114624
Why do emerging viruses like Zika and Ebola continue to plague us?,These viruses mutate and hence emerge,We disturb forests where they quietly exist as a zoonosis,Mosquitoes are the main culprit to encourage virus spread,The viruses can be halted by new vaccines,B,False,0.11543063819408417,0.02918543480336666,0.10186717659235,0.7527022957801819
